Entrée,partie du discours,Terme relié,partie du discours,relation
abaisser,VV,réduire,VV,QSYN
abaisser,VV,augmenter,VV,ANTI
abiotique,JJ,biotique,JJ,ANTI
absorber,VV,réfléchir,VV,ANTI
absorber,VV,émettre,VV,ANTI
absorber,VV,absorption,NN,DRV
absorber,VV,libérer,VV,ANTI
absorption,NN,émission,NN,ANTI
absorption,NN,absorber,VV,DRV
absorption,NN,libération,NN,ANTI
accumulateur,NN,pile,NN,QSYN
accumulateur,NN,batterie,NN,QSYN
accumulation,NN,accumuler,VV,DRV
accumuler,VV,accumulation,NN,DRV
accélération,NN,accélérer,VV,DRV
accélération,NN,ralentissement,NN,ANTI
accélérer,VV,intensifier,VV,QSYN
accélérer,VV,ralentir,VV,ANTI
accélérer,VV,amplifier,VV,QSYN
accélérer,VV,accélération,NN,DRV
accélérer,VV,freiner,VV,ANTI
accélérer,VV,augmenter,VV,QSYN
accélérer,VV,aggraver,VV,QSYN
acidification,NN,contamination,NN,QSYN
acidification,NN,eutrophisation,NN,QSYN
activité,NN,agriculture,NN,HYP
adaptation,NN,adapter,VV,DRV
adapter,VV,adaptation,NN,DRV
affecter,VV,altérer,VV,QSYN
affecter,VV,aggraver,VV,QSYN
aggraver,VV,amplifier,VV,QSYN
aggraver,VV,altérer,VV,QSYN
aggraver,VV,intensifier,VV,QSYN
aggraver,VV,accélérer,VV,QSYN
aggraver,VV,aggravation,NN,DRV
aggraver,VV,atténuer,VV,ANTI
aggraver,VV,augmenter,VV,QSYN
agricole,JJ,piscicole,JJ,ANTI
agricole,JJ,agriculture,NN,DRV
agriculteur,NN,fermier,NN,QSYN
agriculteur,NN,cultivateur,NN,HYP
agriculteur,NN,éleveur,NN,HYP
agriculteur,NN,apiculteur,NN,HYP
agriculture,NN,agricole,JJ,DRV
agriculture,NN,élevage,NN,HYP
agriculture,NN,culture,NN,HYP
alcool,NN,éthanol,NN,HYP
alcool,NN,bioéthanol,NN,HYP
alcool,NN,carburant,NN,HYP
algue,NN,organisme,NN,HYP
algue,NN,phytoplancton,NN,HYP
alimenter,VV,recharger,VV,QSYN
alimenter,VV,consommer,VV,ANTI
alimenter,VV,charger,VV,QSYN
alternatif,JJ,traditionnel,JJ,ANTI
alternatif,JJ,continu,JJ,ANTI
altération,NN,changement,NN,QSYN
altération,NN,aggravation,NN,QSYN
altération,NN,perturbation,NN,QSYN
altération,NN,altérer,VV,DRV
altérer,VV,altération,NN,DRV
altérer,VV,modifier,VV,QSYN
altérer,VV,aggraver,VV,QSYN
altérer,VV,affecter,VV,QSYN
altérer,VV,changer,VV,QSYN
altérer,VV,perturber,VV,QSYN
amplification,NN,intensification,NN,QSYN
amplification,NN,augmentation,NN,QSYN
amplification,NN,hausse,NN,QSYN
amplification,NN,atténuation,NN,ANTI
amplifier,VV,atténuer,VV,ANTI
amplifier,VV,augmenter,VV,QSYN
amplifier,VV,intensifier,VV,QSYN
amplifier,VV,amplification,NN,DRV
animal,NN,végétal,NN,ANTI
anthropique,JJ,homme,NN,DRV
anthropique,JJ,humain,JJ,QSYN
anthropique,JJ,naturel,JJ,ANTI
apiculteur,NN,éleveur,NN,QSYN
apiculteur,NN,agriculteur,NN,HYP
apiculteur,NN,sylviculteur,NN,QSYN
apiculture,NN,activité,NN,HYP
apiculture,NN,apicole,JJ,DRV
apiculture,NN,élevage,NN,HYP
apiculture,NN,pisciculture,NN,QSYN
appauvrir,VV,appauvrissement,NN,DRV
appauvrissement,NN,appauvrir,VV,DRV
appauvrissement,NN,raréfaction,NN,QSYN
aquaculture,NN,agriculture,NN,QSYN
aquaculture,NN,élevage,NN,HYP
aquaculture,NN,pisciculture,NN,HYP
aquaculture,NN,pêche,NN,QSYN
aquatique,JJ,océanique,JJ,QSYN
aquatique,JJ,marin,JJ,QSYN
arbre,NN,hêtre,NN,HYP
arbre,NN,végétal,NN,HYP
arbre,NN,bouleau,NN,HYP
arbre,NN,plante,NN,QSYN
arbre,NN,épinette,NN,HYP
arbre,NN,conifère,NN,HYP
arbre,NN,feuillu,NN,HYP
arrêt,NN,démarrage,NN,ANTI
arrêt,NN,infrastructure,NN,HYP
atmosphère,NN,atmosphérique,JJ,DRV
atmosphère,NN,terre,NN,ANTI
atmosphère,NN,air,NN,QSYN
atmosphérique,JJ,atmosphère,NN,DRV
atmosphérique,JJ,stratosphérique,JJ,QSYN
atténuation,NN,amplification,NN,ANTI
atténuation,NN,atténuer,VV,DRV
atténuer,VV,amplifier,VV,ANTI
atténuer,VV,renforcer,VV,ANTI
atténuer,VV,atténuation,NN,DRV
atténuer,VV,intensifier,VV,ANTI
augmentation,NN,croissance,NN,QSYN
augmentation,NN,augmenter,VV,DRV
augmentation,NN,baisse,NN,ANTI
augmentation,NN,diminution,NN,ANTI
augmentation,NN,amplification,NN,QSYN
augmentation,NN,hausse,NN,QSYN
augmenter,VV,élever,VV,QSYN
augmenter,VV,amplifier,VV,QSYN
augmenter,VV,abaisser,VV,ANTI
augmenter,VV,intensifier,VV,QSYN
augmenter,VV,diminuer,VV,ANTI
augmenter,VV,accélérer,VV,QSYN
augmenter,VV,augmentation,NN,DRV
autobus,NN,métro,NN,QSYN
autobus,NN,tramway,NN,QSYN
autobus,NN,train,NN,QSYN
autobus,NN,bus,NN,QSYN
autobus,NN,véhicule,NN,HYP
automobile,JJ,voiture,NN,DRV
automobile,NN,véhicule,NN,HYP
automobile,NN,auto,NN,QSYN
automobiliste,NN,utilisateur,NN,HYP
automobiliste,NN,conducteur,NN,QSYN
autopartage,NN,covoiturage,NN,QSYN
autoroute,NN,autoroutier,JJ,DRV
autoroute,NN,route,NN,HYP
autoroute,NN,infrastructure,NN,HYP
autoroutier,JJ,autoroute,NN,DRV
azote,NN,gaz,NN,HYP
baisse,NN,croissance,NN,ANTI
baisse,NN,baisser,VV,DRV
baisse,NN,élévation,NN,ANTI
baisser,VV,baisse,NN,DRV
baisser,VV,élever,VV,ANTI
baisser,VV,diminuer,VV,QSYN
baisser,VV,augmenter,VV,ANTI
banlieue,NN,zone,NN,HYP
banlieue,NN,ville,NN,ANTI
barrage,NN,réservoir,NN,QSYN
batterie,NN,accumulateur,NN,QSYN
biocarburant,NN,carburant,NN,HYP
biocarburant,NN,éthanol,NN,HYP
biocarburant,NN,biogaz,NN,HYP
biocarburant,NN,biodiesel,NN,HYP
biocarburant,NN,bioéthanol,NN,HYP
biodiesel,NN,biocarburant,NN,HYP
biodiesel,NN,éthanol,NN,QSYN
biodiesel,NN,carburant,NN,HYP
biodiesel,NN,bioéthanol,NN,QSYN
biodiversité,NN,diversité,NN,HYP
biodégradable,JJ,organique,JJ,QSYN
biogaz,NN,biodiesel,NN,QSYN
biogaz,NN,bioéthanol,NN,QSYN
biogaz,NN,éthanol,NN,QSYN
biogaz,NN,biocarburant,NN,HYP
biogaz,NN,carburant,NN,HYP
biomasse,NN,combustible,NN,HYP
biomasse,NN,bioénergie,NN,HYP
biosphère,NN,écosystème,NN,QSYN
biotique,JJ,abiotique,JJ,ANTI
biotique,JJ,écologique,JJ,QSYN
bioéthanol,NN,éthanol,NN,QSYN
bioéthanol,NN,biodiesel,NN,QSYN
bioéthanol,NN,carburant,NN,HYP
bioéthanol,NN,alcool,NN,HYP
bioéthanol,NN,biocarburant,NN,HYP
bois,NN,ressource,NN,HYP
bois,NN,matière,NN,HYP
boisement,NN,plantation,NN,QSYN
boisement,NN,déboisement,NN,ANTI
boisement,NN,boiser,VV,DRV
boiser,VV,déboiser,VV,ANTI
boiser,VV,boisement,NN,DRV
boiser,VV,planter,VV,QSYN
borne,NN,station,NN,QSYN
bouleversement,NN,dérèglement,NN,QSYN
bouleversement,NN,perturbation,NN,QSYN
brancher,VV,raccorder,VV,QSYN
brûler,VV,combustion,NN,DRV
brûler,VV,incinérer,VV,QSYN
calculer,VV,évaluer,VV,QSYN
calculer,VV,estimer,VV,QSYN
calculer,VV,calcul,NN,DRV
camion,NN,véhicule,NN,HYP
capteur,NN,panneau,NN,QSYN
capture,NN,séquestration,NN,QSYN
capture,NN,piégeage,NN,QSYN
capture,NN,stockage,NN,QSYN
capturer,VV,séquestrer,VV,QSYN
capturer,VV,piéger,VV,QSYN
capturer,VV,stocker,VV,QSYN
carbone,NN,gaz,NN,HYP
carbone,NN,carbonique,JJ,DRV
carburant,NN,essence,NN,HYP
carburant,NN,combustible,NN,HYP
carburant,NN,biodiesel,NN,HYP
carburant,NN,biocarburant,NN,HYP
carburant,NN,biogaz,NN,HYP
carburant,NN,alcool,NN,HYP
carburant,NN,hydrogène,NN,HYP
carburant,NN,éthanol,NN,HYP
carburant,NN,diesel,NN,HYP
carburant,NN,bioéthanol,NN,HYP
catastrophe,NN,ouragan,NN,HYP
catastrophe,NN,séisme,NN,HYP
catastrophe,NN,feu,NN,HYP
catastrophe,NN,incendie,NN,HYP
catastrophe,NN,événement,NN,HYP
catastrophe,NN,tornade,NN,HYP
chaleur,NN,énergie,NN,QSYN
changement,NN,variation,NN,QSYN
changement,NN,perturbation,NN,QSYN
changement,NN,fluctuation,NN,QSYN
changement,NN,réchauffement,NN,QSYN
changement,NN,dérèglement,NN,QSYN
changement,NN,modification,NN,QSYN
changement,NN,refroidissement,NN,QSYN
changement,NN,changer,VV,DRV
changer,VV,réchauffer,VV,QSYN
changer,VV,modifier,VV,QSYN
changer,VV,altérer,VV,QSYN
changer,VV,évoluer,VV,QSYN
changer,VV,perturber,VV,QSYN
changer,VV,refroidir,VV,QSYN
changer,VV,changement,NN,DRV
charbon,NN,gaz,NN,QSYN
charbon,NN,pétrole,NN,QSYN
charbon,NN,combustible,NN,HYP
charbon,NN,hydrocarbure,NN,HYP
charge,NN,charger,VV,DRV
charge,NN,plein,NN,QSYN
charge,NN,décharge,NN,ANTI
charger,VV,charge,NN,DRV
charger,VV,décharger,VV,ANTI
charger,VV,stocker,VV,QSYN
chaud,JJ,froid,JJ,ANTI
chauffage,NN,chauffer,VV,DRV
chauffer,VV,rafraîchir,VV,ANTI
chauffer,VV,chauffage,NN,DRV
cinétique,JJ,électrique,JJ,QSYN
circulation,NN,déplacement,NN,QSYN
circulation,NN,circuler,VV,DRV
circuler,VV,circulation,NN,DRV
circuler,VV,parcourir,VV,QSYN
circuler,VV,rouler,VV,QSYN
climat,NN,climatique,JJ,DRV
climat,NN,microclimat,NN,HYP
climatique,JJ,météorologique,JJ,QSYN
climatique,JJ,climat,NN,DRV
climatologie,NN,météorologie,NN,QSYN
collecte,NN,ramassage,NN,QSYN
collectif,JJ,individuel,JJ,ANTI
collectif,JJ,public,JJ,QSYN
combustion,NN,brûler,VV,DRV
communauté,NN,population,NN,QSYN
compenser,VV,balancer,VV,QSYN
compenser,VV,compensation,NN,DRV
compenser,VV,équilibrer,VV,QSYN
compostage,NN,composter,VV,DRV
concentration,NN,teneur,NN,QSYN
conditionnement,NN,conditionner,VV,DRV
conditionnement,NN,traitement,NN,QSYN
conditionner,VV,traiter,VV,QSYN
conditionner,VV,conditionnement,NN,DRV
conducteur,NN,automobiliste,NN,QSYN
conducteur,NN,passager,NN,ANTI
conduire,VV,conduite,NN,DRV
conduite,NN,conduire,VV,DRV
conservation,NN,préservation,NN,QSYN
conservation,NN,conserver,VV,DRV
conservation,NN,protection,NN,QSYN
conserver,VV,préserver,VV,QSYN
conserver,VV,conservation,NN,DRV
conserver,VV,protéger,VV,QSYN
consommateur,NN,producteur,NN,ANTI
consommation,NN,alimentation,NN,ANTI
consommation,NN,surconsommation,NN,HYP
consommation,NN,consommer,VV,DRV
consommer,VV,utiliser,VV,QSYN
consommer,VV,alimenter,VV,ANTI
consommer,VV,consommation,NN,DRV
consommer,VV,gaspiller,VV,HYP
consommer,VV,produire,VV,ANTI
constructeur,NN,fabricant,NN,QSYN
conséquence,NN,répercussion,NN,QSYN
conséquence,NN,impact,NN,QSYN
conséquence,NN,incidence,NN,QSYN
conséquence,NN,effet,NN,QSYN
contamination,NN,acidification,NN,QSYN
contamination,NN,contaminer,VV,DRV
contamination,NN,pollution,NN,QSYN
contaminer,VV,contamination,NN,DRV
contaminer,VV,polluer,VV,QSYN
continent,NN,zone,NN,HYP
continent,NN,océan,NN,ANTI
conversion,NN,convertir,VV,DRV
conversion,NN,transformation,NN,QSYN
convertir,VV,transformer,VV,QSYN
convertir,VV,conversion,NN,DRV
couvert,NN,couverture,NN,QSYN
couvert,NN,manteau,NN,QSYN
couverture,NN,couvert,NN,QSYN
couverture,NN,manteau,NN,QSYN
covoiturage,NN,autopartage,NN,QSYN
croissance,NN,hausse,NN,QSYN
croissance,NN,augmentation,NN,QSYN
croissance,NN,développement,NN,QSYN
croissance,NN,accroissement,NN,QSYN
croissance,NN,diminution,NN,ANTI
croissance,NN,croître,VV,DRV
croissance,NN,décroissance,NN,ANTI
croissance,NN,baisse,NN,ANTI
croûte,NN,manteau,NN,QSYN
cultivateur,NN,agriculteur,NN,HYP
cultiver,VV,planter,VV,QSYN
cultiver,VV,culture,NN,DRV
cultiver,VV,élever,VV,QSYN
culture,NN,plantation,NN,QSYN
culture,NN,agriculture,NN,HYP
culture,NN,rizière,NN,HYP
culture,NN,cultiver,VV,DRV
culture,NN,activité,NN,HYP
culture,NN,élevage,NN,QSYN
cyclone,NN,événement,NN,HYP
cyclone,NN,tempête,NN,HYP
cyclone,NN,tornade,NN,QSYN
cyclone,NN,ouragan,NN,QSYN
côte,NN,côtier,JJ,DRV
côte,NN,littoral,NN,QSYN
delta,NN,écosystème,NN,HYP
diesel,NN,carburant,NN,HYP
diesel,NN,gazole,NN,QSYN
diesel,NN,essence,NN,QSYN
diminuer,VV,réduire,VV,QSYN
diminuer,VV,diminution,NN,DRV
diminuer,VV,élever,VV,ANTI
diminuer,VV,limiter,VV,QSYN
diminuer,VV,baisser,VV,QSYN
diminuer,VV,augmenter,VV,ANTI
diminution,NN,croissance,NN,ANTI
diminution,NN,hausse,NN,ANTI
diminution,NN,diminuer,VV,DRV
diminution,NN,augmentation,NN,ANTI
diminution,NN,raréfaction,NN,QSYN
diminution,NN,baisse,NN,QSYN
disparaître,VV,éteindre,VV,QSYN
disparition,NN,déclin,NN,QSYN
disparition,NN,perte,NN,QSYN
disparition,NN,extinction,NN,QSYN
distance,NN,parcours,NN,QSYN
distance,NN,trajet,NN,QSYN
distance,NN,itinéraire,NN,QSYN
diversité,NN,biodiversité,NN,HYP
diversité,NN,biocénose,NN,QSYN
durable,JJ,rationnel,JJ,QSYN
déboisement,NN,déforestation,NN,QSYN
déboisement,NN,déboiser,VV,DRV
déboisement,NN,dégradation,NN,QSYN
déboisement,NN,défrichement,NN,QSYN
déboisement,NN,boisement,NN,ANTI
déboisement,NN,reboisement,NN,ANTI
déboiser,VV,déboisement,NN,DRV
déboiser,VV,défricher,VV,QSYN
déboiser,VV,reboiser,VV,ANTI
déboiser,VV,boiser,VV,ANTI
décharge,NN,charge,NN,ANTI
décharge,NN,décharger,VV,DRV
décharge,NN,recharge,NN,ANTI
décharger,VV,charger,VV,ANTI
décharger,VV,recharger,VV,ANTI
déchets,NN,encombrant,NN,QSYN
décomposer,VV,dégrader,VV,QSYN
décomposer,VV,décomposition,NN,DRV
décomposition,NN,décomposer,VV,DRV
défrichement,NN,déboisement,NN,QSYN
défrichement,NN,défrichage,NN,QSYN
défricher,VV,déboiser,VV,QSYN
défricher,VV,défrichement,NN,DRV
dégel,NN,recul,NN,QSYN
dégel,NN,gel,NN,ANTI
dégel,NN,fonte,NN,QSYN
dégradation,NN,sécheresse,NN,QSYN
dégradation,NN,désertification,NN,QSYN
dégradation,NN,dégrader,VV,DRV
dégradation,NN,détérioration,NN,QSYN
dégradation,NN,érosion,NN,QSYN
dégradation,NN,catastrophe,NN,QSYN
dégrader,VV,dégradation,NN,DRV
dégrader,VV,décomposer,VV,QSYN
dégrader,VV,détériorer,VV,QSYN
démarrage,NN,arrêt,NN,ANTI
démarrage,NN,démarrer,VV,DRV
démarrer,VV,arrêter,VV,ANTI
démarrer,VV,démarrage,NN,DRV
déplacement,NN,parcours,NN,QSYN
déplacement,NN,déplacer,VV,DRV
déplacement,NN,trajet,NN,QSYN
déplacement,NN,transport,NN,ANTI
déplacement,NN,voyage,NN,QSYN
déplacer,VV,migrer,VV,QSYN
déplacer,VV,transporter,VV,ANTI
déplacer,VV,déplacement,NN,DRV
déplacer,VV,voyager,VV,QSYN
dérèglement,NN,fluctuation,NN,QSYN
dérèglement,NN,perturbation,NN,QSYN
dérèglement,NN,altération,NN,QSYN
dérèglement,NN,changement,NN,QSYN
désertification,NN,dégradation,NN,QSYN
désertification,NN,sécheresse,NN,QSYN
désertification,NN,catastrophe,NN,QSYN
désertification,NN,érosion,NN,QSYN
détérioration,NN,dégradation,NN,QSYN
détérioration,NN,détériorer,VV,DRV
détériorer,VV,endommager,VV,QSYN
détériorer,VV,dégrader,VV,QSYN
détériorer,VV,détérioration,NN,DRV
développement,NN,croissance,NN,QSYN
développement,NN,industrialisation,NN,QSYN
développement,NN,urbanisation,NN,QSYN
développé,JJ,riche,JJ,QSYN
déversement,NN,catastrophe,NN,HYP
déversement,NN,rejet,NN,QSYN
déverser,VV,déversement,NN,DRV
déverser,VV,jeter,VV,QSYN
déverser,VV,couler,VV,QSYN
eau,NN,air,NN,ANTI
eau,NN,terre,NN,ANTI
effet,NN,empreinte,NN,QSYN
effet,NN,incidence,NN,QSYN
effet,NN,rétroaction,NN,QSYN
effet,NN,répercussion,NN,QSYN
effet,NN,impact,NN,QSYN
emballage,NN,emballer,VV,DRV
embarquer,VV,intégrer,VV,QSYN
emmagasiner,VV,stocker,VV,QSYN
empreinte,NN,répercussion,NN,QSYN
empreinte,NN,impact,NN,QSYN
empreinte,NN,effet,NN,QSYN
emprisonner,VV,piéger,VV,QSYN
emprisonner,VV,absorber,VV,QSYN
endommager,VV,dégrader,VV,QSYN
endommager,VV,détériorer,VV,QSYN
enfouir,VV,éliminer,VV,QSYN
enfouir,VV,récupérer,VV,ANTI
enfouir,VV,enfouissement,NN,DRV
enfouissement,NN,enfouir,VV,DRV
enfouissement,NN,élimination,NN,QSYN
enfouissement,NN,récupération,NN,ANTI
environnement,NN,écosystème,NN,QSYN
environnement,NN,milieu,NN,QSYN
environnement,NN,écologie,NN,QSYN
environnement,NN,environnemental,JJ,DRV
environnemental,JJ,écologique,JJ,QSYN
environnemental,JJ,propre,JJ,QSYN
environnemental,JJ,environnement,NN,DRV
environnemental,JJ,vert,JJ,QSYN
environnemental,JJ,polluant,JJ,ANTI
essence,NN,diesel,NN,QSYN
essence,NN,carburant,NN,HYP
estimation,NN,estimer,VV,DRV
estimer,VV,estimation,NN,DRV
estimer,VV,calculer,VV,QSYN
estimer,VV,évaluer,VV,QSYN
eutrophisation,NN,pollution,NN,QSYN
eutrophisation,NN,phénomène,NN,HYP
eutrophisation,NN,dégradation,NN,QSYN
eutrophisation,NN,acidification,NN,QSYN
exploitation,NN,exploiter,VV,DRV
exploitation,NN,surexploitation,NN,HYP
exploiter,VV,surexploiter,VV,HYP
exploiter,VV,exploitation,NN,DRV
extinction,NN,éteindre,VV,DRV
extinction,NN,disparition,NN,QSYN
extinction,NN,perte,NN,QSYN
extraction,NN,extraire,VV,DRV
extraire,VV,extraction,NN,DRV
faune,NN,flore,NN,ANTI
ferroviaire,JJ,routier,JJ,QSYN
ferroviaire,JJ,ferré,JJ,QSYN
ferré,JJ,ferroviaire,JJ,QSYN
feu,NN,incendie,NN,QSYN
feu,NN,événement,NN,HYP
feu,NN,catastrophe,NN,HYP
fixation,NN,piégeage,NN,QSYN
fixation,NN,fixer,VV,DRV
fixation,NN,séquestration,NN,QSYN
flore,NN,végétation,NN,QSYN
flore,NN,faune,NN,ANTI
flotte,NN,parc,NN,QSYN
fluctuation,NN,perturbation,NN,QSYN
fluctuation,NN,changement,NN,QSYN
fluctuation,NN,variation,NN,QSYN
fluctuation,NN,dérèglement,NN,QSYN
fondre,VV,fonte,NN,DRV
fondre,VV,reculer,VV,QSYN
fondre,VV,geler,VV,ANTI
fonte,NN,fondre,VV,DRV
fonte,NN,gel,NN,ANTI
fonte,NN,dégel,NN,QSYN
fonte,NN,recul,NN,QSYN
forçage,NN,perturbation,NN,QSYN
forêt,NN,bois,NN,QSYN
forêt,NN,écosystème,NN,HYP
forêt,NN,forestier,JJ,DRV
fossile,JJ,renouvelable,JJ,ANTI
fragile,JJ,sensible,JJ,QSYN
fragile,JJ,vulnérable,JJ,QSYN
fragmentation,NN,fragmenter,VV,DRV
frais,JJ,froid,JJ,QSYN
freiner,VV,ralentir,VV,QSYN
freiner,VV,accélérer,VV,ANTI
froid,JJ,chaud,JJ,ANTI
froid,JJ,frais,JJ,QSYN
gaspillage,NN,surconsommation,NN,QSYN
gaz,NN,charbon,NN,QSYN
gaz,NN,méthane,NN,HYP
gaz,NN,pétrole,NN,QSYN
gaz,NN,gazier,JJ,DRV
gaz,NN,carbone,NN,HYP
gaz,NN,polluant,NN,HYP
gaz,NN,combustible,NN,HYP
gazier,JJ,gaz,NN,DRV
gazier,JJ,pétrolier,JJ,QSYN
gel,NN,geler,VV,DRV
gel,NN,dégel,NN,ANTI
gel,NN,fonte,NN,ANTI
gel,NN,phénomène,NN,HYP
geler,VV,fondre,VV,ANTI
geler,VV,gel,NN,DRV
gestion,NN,gérer,VV,DRV
gisement,NN,réserve,NN,QSYN
glace,NN,neige,NN,QSYN
glacier,NN,glace,NN,QSYN
glacier,NN,glaciaire,JJ,DRV
global,JJ,local,JJ,ANTI
global,JJ,mondial,JJ,QSYN
global,JJ,planétaire,JJ,QSYN
global,JJ,régional,JJ,ANTI
globe,NN,planète,NN,QSYN
globe,NN,monde,NN,QSYN
géothermie,NN,géothermique,JJ,DRV
géothermique,JJ,géothermie,NN,DRV
gérer,VV,gestion,NN,DRV
habitat,NN,milieu,NN,QSYN
habitat,NN,biotope,NN,QSYN
homme,NN,nature,NN,ANTI
homme,NN,humain,JJ,DRV
humain,JJ,naturel,JJ,ANTI
humain,JJ,anthropique,JJ,QSYN
humain,NN,homme,NN,QSYN
humide,JJ,tourbeux,JJ,QSYN
humide,JJ,sec,JJ,ANTI
humide,JJ,humidité,NN,DRV
hydrocarbure,NN,charbon,NN,HYP
hydrocarbure,NN,pétrole,NN,HYP
hydrogène,NN,carburant,NN,HYP
hydrogène,NN,h,NN,QSYN
hydrologique,JJ,eau,NN,DRV
hydroélectricité,NN,électricité,NN,HYP
hydroélectricité,NN,hydroélectrique,JJ,DRV
hydroélectrique,JJ,électrique,JJ,QSYN
hydroélectrique,JJ,hydroélectricité,NN,DRV
impact,NN,répercussion,NN,QSYN
impact,NN,empreinte,NN,QSYN
impact,NN,conséquence,NN,QSYN
impact,NN,rétroaction,NN,QSYN
impact,NN,effet,NN,QSYN
impact,NN,incidence,NN,QSYN
impact,NN,influence,NN,QSYN
incendie,NN,événement,NN,HYP
incendie,NN,feu,NN,QSYN
incendie,NN,catastrophe,NN,HYP
incidence,NN,effet,NN,QSYN
incidence,NN,impact,NN,QSYN
incidence,NN,influence,NN,QSYN
incidence,NN,répercussion,NN,QSYN
incinérer,VV,incinération,NN,DRV
incinérer,VV,brûler,VV,QSYN
industrialisation,NN,développement,NN,QSYN
industrialisation,NN,urbanisation,NN,QSYN
industrialisation,NN,industrialiser,VV,DRV
industriel,JJ,naturel,JJ,ANTI
influence,NN,rétroaction,NN,QSYN
influence,NN,conséquence,NN,QSYN
influence,NN,répercussion,NN,QSYN
influence,NN,impact,NN,QSYN
influence,NN,empreinte,NN,QSYN
influence,NN,influencer,VV,DRV
influence,NN,effet,NN,QSYN
influencer,VV,influer,VV,QSYN
influencer,VV,infléchir,VV,QSYN
influencer,VV,influence,NN,DRV
influer,VV,influencer,VV,QSYN
influer,VV,influence,NN,DRV
influer,VV,peser,VV,QSYN
infrastructure,NN,rail,NN,HYP
infrastructure,NN,station,NN,HYP
infrastructure,NN,réseau,NN,QSYN
infrastructure,NN,route,NN,HYP
infrastructure,NN,ligne,NN,HYP
infrastructure,NN,voie,NN,HYP
infrastructure,NN,autoroute,NN,HYP
injecter,VV,injection,NN,DRV
injecter,VV,émettre,VV,QSYN
inondation,NN,phénomène,NN,HYP
inondation,NN,inonder,VV,DRV
inondation,NN,sécheresse,NN,ANTI
inonder,VV,inondation,NN,DRV
intense,JJ,violent,JJ,QSYN
intense,JJ,intensité,NN,DRV
intensification,NN,augmentation,NN,QSYN
intensification,NN,intensifier,VV,DRV
intensification,NN,amplification,NN,QSYN
intensifier,VV,aggraver,VV,QSYN
intensifier,VV,accélérer,VV,QSYN
intensifier,VV,augmenter,VV,QSYN
intensifier,VV,atténuer,VV,QSYN
intensifier,VV,amplifier,VV,QSYN
intensifier,VV,intensification,NN,DRV
intensité,NN,intense,JJ,DRV
inépuisable,JJ,renouvelable,JJ,QSYN
jetable,JJ,recyclable,JJ,ANTI
jeter,VV,recycler,VV,ANTI
jeter,VV,éliminer,VV,QSYN
jeter,VV,récupérer,VV,ANTI
kilomètre,NN,km,NN,QSYN
lac,NN,lacustre,JJ,DRV
lac,NN,mer,NN,QSYN
lac,NN,étang,NN,QSYN
lacustre,JJ,lac,NN,DRV
lacustre,JJ,marin,JJ,QSYN
lacustre,JJ,terrestre,JJ,ANTI
lacustre,JJ,fluvial,JJ,QSYN
libération,NN,absorption,NN,ANTI
libération,NN,émission,NN,QSYN
libération,NN,piégeage,NN,ANTI
libération,NN,libérer,VV,DRV
libérer,VV,absorber,VV,ANTI
libérer,VV,libération,NN,DRV
libérer,VV,émettre,VV,QSYN
libérer,VV,dégager,VV,QSYN
libérer,VV,piéger,VV,ANTI
ligne,NN,parcours,NN,QSYN
ligne,NN,itinéraire,NN,QSYN
ligne,NN,trajet,NN,QSYN
ligne,NN,infrastructure,NN,HYP
limiter,VV,réduire,VV,QSYN
limiter,VV,limite,NN,DRV
limiter,VV,restreindre,VV,QSYN
littoral,NN,côte,NN,QSYN
local,JJ,régional,JJ,QSYN
local,JJ,mondial,JJ,ANTI
local,JJ,global,JJ,ANTI
local,JJ,planétaire,JJ,ANTI
lourd,JJ,léger,JJ,ANTI
lutte,NN,lutter,VV,DRV
lutter,VV,lutte,NN,DRV
léger,JJ,lourd,JJ,ANTI
mangrove,NN,écosystème,NN,HYP
mangrove,NN,marais,NN,QSYN
manteau,NN,croûte,NN,QSYN
manteau,NN,couverture,NN,QSYN
marais,NN,zone,NN,HYP
marais,NN,tourbière,NN,QSYN
marais,NN,écosystème,NN,HYP
marais,NN,marécage,NN,QSYN
marais,NN,mangrove,NN,QSYN
marin,JJ,océanique,JJ,QSYN
marin,JJ,mer,NN,DRV
marin,JJ,aquatique,JJ,QSYN
matière,NN,substance,NN,QSYN
mer,NN,lac,NN,QSYN
mer,NN,océan,NN,QSYN
mer,NN,terre,NN,ANTI
mesurer,VV,mesure,NN,DRV
microclimat,NN,climat,NN,HYP
migrer,VV,migration,NN,DRV
migrer,VV,déplacer,VV,QSYN
milieu,NN,habitat,NN,QSYN
milieu,NN,biotope,NN,QSYN
milieu,NN,tourbière,NN,HYP
milieu,NN,environnement,NN,QSYN
mobilité,NN,déplacement,NN,QSYN
modal,JJ,mode,NN,DRV
mode,NN,moyen,NN,QSYN
mode,NN,modal,JJ,DRV
mode,NN,transports,NN,QSYN
modification,NN,changement,NN,QSYN
modification,NN,détérioration,NN,QSYN
modification,NN,modifier,VV,DRV
modification,NN,fluctuation,NN,QSYN
modifier,VV,changer,VV,QSYN
modifier,VV,modification,NN,DRV
modifier,VV,évoluer,VV,QSYN
modifier,VV,altérer,VV,QSYN
modèle,NN,simulation,NN,QSYN
modèle,NN,scénario,NN,QSYN
modèle,NN,formulation,NN,QSYN
modélisation,NN,modéliser,VV,DRV
modéliser,VV,modélisation,NN,DRV
modéliser,VV,simuler,VV,QSYN
monde,NN,terre,NN,QSYN
monde,NN,planète,NN,QSYN
monde,NN,globe,NN,QSYN
monde,NN,mondial,JJ,DRV
mondial,JJ,planétaire,JJ,QSYN
mondial,JJ,local,JJ,ANTI
mondial,JJ,monde,NN,DRV
mondial,JJ,global,JJ,QSYN
moto,NN,véhicule,NN,HYP
méthane,NN,gaz,NN,HYP
méthane,NN,ch4,NN,QSYN
métro,NN,autobus,NN,QSYN
métro,NN,train,NN,QSYN
métro,NN,tramway,NN,QSYN
météorologique,JJ,climatique,JJ,QSYN
nature,NN,naturel,JJ,DRV
nature,NN,homme,NN,ANTI
naturel,JJ,humain,JJ,ANTI
naturel,JJ,anthropique,JJ,ANTI
naturel,JJ,nature,NN,DRV
navette,NN,transport,NN,QSYN
navette,NN,déplacement,NN,QSYN
navette,NN,véhicule,NN,QSYN
neige,NN,pluie,NN,QSYN
neige,NN,glace,NN,QSYN
neigeux,JJ,neige,NN,DRV
nocif,JJ,néfaste,JJ,QSYN
océan,NN,mer,NN,QSYN
océanique,JJ,océan,NN,DRV
océanique,JJ,marin,JJ,QSYN
orage,NN,ouragan,NN,QSYN
orage,NN,pluie,NN,QSYN
orage,NN,tempête,NN,HYP
orage,NN,tornade,NN,QSYN
orage,NN,phénomène,NN,HYP
organique,JJ,biologique,JJ,QSYN
organique,JJ,biodégradable,JJ,QSYN
ouragan,NN,tempête,NN,QSYN
ouragan,NN,orage,NN,QSYN
ouragan,NN,événement,NN,HYP
ouragan,NN,catastrophe,NN,HYP
ouragan,NN,cyclone,NN,QSYN
ouragan,NN,tornade,NN,QSYN
oxygène,NN,o2,NN,QSYN
oxygène,NN,gaz,NN,HYP
ozone,NN,o3,NN,QSYN
ozone,NN,gaz,NN,HYP
parc,NN,flotte,NN,QSYN
parcourir,VV,rouler,VV,QSYN
parcourir,VV,circuler,VV,QSYN
parcourir,VV,parcours,NN,DRV
parcours,NN,parcourir,VV,DRV
parcours,NN,distance,NN,QSYN
parcours,NN,voyage,NN,QSYN
parcours,NN,déplacement,NN,QSYN
parcours,NN,trajet,NN,QSYN
passager,NN,conducteur,NN,ANTI
pergélisol,NN,permafrost,NN,QSYN
perte,NN,disparition,NN,QSYN
perte,NN,raréfaction,NN,QSYN
perte,NN,extinction,NN,QSYN
perturbation,NN,forçage,NN,QSYN
perturbation,NN,stress,NN,QSYN
perturbation,NN,altération,NN,QSYN
perturbation,NN,changement,NN,QSYN
perturbation,NN,perturber,VV,DRV
perturbation,NN,dérèglement,NN,QSYN
perturbation,NN,fluctuation,NN,QSYN
perturber,VV,bouleverser,VV,QSYN
perturber,VV,altérer,VV,QSYN
perturber,VV,stabiliser,VV,ANTI
perturber,VV,perturbation,NN,DRV
perturber,VV,changer,VV,QSYN
perturber,VV,dérégler,VV,QSYN
photovoltaïque,JJ,solaire,JJ,QSYN
photovoltaïque,JJ,pv,JJ,QSYN
phénomène,NN,événement,NN,QSYN
piscicole,JJ,pisciculture,NN,DRV
pisciculture,NN,aquaculture,NN,HYP
pisciculture,NN,élevage,NN,HYP
pisciculture,NN,agriculture,NN,QSYN
pisciculture,NN,pêche,NN,QSYN
pisciculture,NN,piscicole,JJ,DRV
piégeage,NN,libération,NN,ANTI
piégeage,NN,stockage,NN,QSYN
piégeage,NN,fixation,NN,QSYN
piégeage,NN,piéger,VV,DRV
piégeage,NN,séquestration,NN,QSYN
piéger,VV,séquestrer,VV,QSYN
piéger,VV,absorber,VV,QSYN
piéger,VV,piégeage,NN,DRV
piéger,VV,capturer,VV,QSYN
piéger,VV,emprisonner,VV,QSYN
piéger,VV,libérer,VV,ANTI
plage,NN,écosystème,NN,HYP
plantation,NN,boisement,NN,QSYN
plantation,NN,planter,VV,DRV
plantation,NN,culture,NN,QSYN
plantation,NN,reboisement,NN,QSYN
plantation,NN,régénération,NN,QSYN
plante,NN,végétal,NN,HYP
plante,NN,animal,NN,ANTI
plante,NN,arbre,NN,QSYN
planter,VV,boiser,VV,QSYN
planter,VV,plantation,NN,DRV
planter,VV,reboiser,VV,QSYN
planter,VV,cultiver,VV,QSYN
planète,NN,monde,NN,QSYN
planète,NN,globe,NN,QSYN
planète,NN,terre,NN,QSYN
planète,NN,planétaire,JJ,DRV
planétaire,JJ,régional,JJ,ANTI
planétaire,JJ,local,JJ,ANTI
planétaire,JJ,global,JJ,QSYN
planétaire,JJ,planète,NN,DRV
planétaire,JJ,mondial,JJ,QSYN
plein,NN,recharge,NN,QSYN
plein,NN,charge,NN,QSYN
pluie,NN,mousson,NN,HYP
pluie,NN,pleuvoir,VV,DRV
pluie,NN,orage,NN,QSYN
pluviosité,NN,pluie,NN,QSYN
polaire,JJ,tropical,JJ,ANTI
polaire,JJ,pôle,NN,DRV
polluant,JJ,toxique,JJ,QSYN
polluant,JJ,environnemental,JJ,ANTI
polluant,JJ,vert,JJ,ANTI
polluant,JJ,propre,JJ,ANTI
polluant,JJ,écologique,JJ,ANTI
polluant,NN,pollueur,NN,QSYN
polluant,NN,gaz,NN,HYP
polluer,VV,pollution,NN,DRV
polluer,VV,dépolluer,VV,ANTI
polluer,VV,contaminer,VV,QSYN
pollueur,NN,polluant,NN,QSYN
pollution,NN,polluer,VV,DRV
pollution,NN,dépollution,NN,ANTI
population,NN,communauté,NN,QSYN
poussière,NN,particule,NN,QSYN
produit,NN,sous-produit,NN,HYP
produit,NN,bien,NN,QSYN
propre,JJ,vert,JJ,QSYN
propre,JJ,polluant,JJ,ANTI
propre,JJ,rationnel,JJ,QSYN
propre,JJ,environnemental,JJ,QSYN
propre,JJ,écologique,JJ,QSYN
propulser,VV,propulsion,NN,DRV
propulsion,NN,propulser,VV,DRV
protection,NN,conservation,NN,QSYN
protection,NN,protéger,VV,DRV
protection,NN,préservation,NN,QSYN
protéger,VV,préserver,VV,QSYN
protéger,VV,conserver,VV,QSYN
prédire,VV,prédiction,NN,DRV
prédire,VV,prévoir,VV,QSYN
prédire,VV,dévoiler,VV,QSYN
préservation,NN,préserver,VV,DRV
préservation,NN,conservation,NN,QSYN
préservation,NN,protection,NN,QSYN
préserver,VV,protéger,VV,QSYN
préserver,VV,conserver,VV,QSYN
préserver,VV,préservation,NN,DRV
prévision,NN,prévoir,VV,DRV
prévoir,VV,prévision,NN,DRV
prévoir,VV,prédire,VV,QSYN
public,JJ,collectif,JJ,QSYN
puits,NN,réservoir,NN,HYP
pénurie,NN,raréfaction,NN,QSYN
pétrole,NN,hydrocarbure,NN,HYP
pétrole,NN,gaz,NN,QSYN
pétrole,NN,combustible,NN,HYP
pétrole,NN,charbon,NN,QSYN
pétrole,NN,pétrolier,JJ,DRV
pétrolier,JJ,gazier,JJ,QSYN
pôle,NN,tropique,NN,ANTI
pôle,NN,polaire,JJ,DRV
rail,NN,infrastructure,NN,HYP
rail,NN,voie,NN,QSYN
ralentir,VV,ralentissement,NN,DRV
ralentir,VV,accélérer,VV,ANTI
ralentissement,NN,ralentir,VV,DRV
ralentissement,NN,accélération,NN,ANTI
ramassage,NN,collecte,NN,QSYN
ramassage,NN,ramasser,VV,DRV
ramasser,VV,ramassage,NN,DRV
raréfaction,NN,raréfier,VV,DRV
raréfaction,NN,diminution,NN,QSYN
raréfaction,NN,pénurie,NN,QSYN
raréfaction,NN,appauvrissement,NN,QSYN
raréfaction,NN,perte,NN,QSYN
raréfier,VV,appauvrir,VV,QSYN
raréfier,VV,raréfaction,NN,DRV
rationnel,JJ,durable,JJ,QSYN
rationnel,JJ,propre,JJ,QSYN
rayonnement,NN,radiation,NN,QSYN
reboisement,NN,boisement,NN,QSYN
reboisement,NN,reforestation,NN,QSYN
reboisement,NN,déboisement,NN,ANTI
reboisement,NN,régénération,NN,QSYN
reboisement,NN,reboiser,VV,DRV
reboisement,NN,plantation,NN,QSYN
reboiser,VV,reboisement,NN,DRV
reboiser,VV,boiser,VV,QSYN
reboiser,VV,planter,VV,QSYN
reboiser,VV,régénérer,VV,QSYN
recharge,NN,recharger,VV,DRV
recharge,NN,alimentation,NN,QSYN
recharge,NN,plein,NN,QSYN
recharger,VV,recharge,NN,DRV
recharger,VV,charger,VV,QSYN
recharger,VV,décharger,VV,ANTI
recul,NN,fonte,NN,QSYN
recul,NN,reculer,VV,DRV
recul,NN,dégel,NN,QSYN
reculer,VV,fondre,VV,QSYN
reculer,VV,recul,NN,DRV
recyclable,JJ,jetable,JJ,ANTI
recyclage,NN,valorisation,NN,QSYN
recyclage,NN,réemploi,NN,QSYN
recyclage,NN,recycler,VV,DRV
recyclage,NN,récupération,NN,QSYN
recycler,VV,récupérer,VV,QSYN
recycler,VV,jeter,VV,ANTI
recycler,VV,recyclage,NN,DRV
recycler,VV,éliminer,VV,ANTI
recycler,VV,réutiliser,VV,QSYN
recycler,VV,valoriser,VV,QSYN
refroidir,VV,changer,VV,QSYN
refroidir,VV,réchauffer,VV,ANTI
refroidir,VV,refroidissement,NN,DRV
refroidissement,NN,réchauffement,NN,ANTI
refroidissement,NN,changement,NN,QSYN
refroidissement,NN,refroidir,VV,DRV
renforcer,VV,diminuer,VV,ANTI
renforcer,VV,atténuer,VV,ANTI
renouvelable,JJ,inépuisable,JJ,QSYN
renouvelable,JJ,fossile,JJ,ANTI
reproduire,VV,simuler,VV,QSYN
ressource,NN,richesse,NN,QSYN
route,NN,infrastructure,NN,HYP
route,NN,routier,JJ,DRV
route,NN,autoroute,NN,HYP
routier,JJ,ferroviaire,JJ,QSYN
routier,JJ,route,NN,DRV
réchauffement,NN,réchauffer,VV,DRV
réchauffement,NN,refroidissement,NN,ANTI
réchauffement,NN,changement,NN,QSYN
réchauffer,VV,réchauffement,NN,DRV
réchauffer,VV,refroidir,VV,ANTI
réchauffer,VV,changer,VV,QSYN
récupération,NN,récupérer,VV,DRV
récupération,NN,élimination,NN,ANTI
récupérer,VV,valoriser,VV,QSYN
récupérer,VV,réutiliser,VV,QSYN
récupérer,VV,récupération,NN,DRV
récupérer,VV,éliminer,VV,ANTI
réduction,NN,diminution,NN,QSYN
réduction,NN,réduire,VV,DRV
réduire,VV,réduction,NN,DRV
réduire,VV,limiter,VV,QSYN
réduire,VV,diminuer,VV,QSYN
réemploi,NN,recyclage,NN,QSYN
réemploi,NN,valorisation,NN,QSYN
réemploi,NN,réutilisation,NN,QSYN
réfléchir,VV,absorber,VV,ANTI
région,NN,pays,NN,QSYN
région,NN,zone,NN,QSYN
région,NN,régional,JJ,DRV
régional,JJ,global,JJ,ANTI
régional,JJ,mondial,JJ,ANTI
régional,JJ,planétaire,JJ,ANTI
régional,JJ,local,JJ,QSYN
régénération,NN,reboisement,NN,QSYN
régénération,NN,régénérer,VV,DRV
régénérer,VV,régénération,NN,DRV
régénérer,VV,reboiser,VV,QSYN
répercussion,NN,effet,NN,QSYN
répercussion,NN,impact,NN,QSYN
répercussion,NN,influence,NN,QSYN
répercussion,NN,rétroaction,NN,QSYN
répercussion,NN,empreinte,NN,QSYN
répercussion,NN,incidence,NN,QSYN
répercussion,NN,conséquence,NN,QSYN
réserve,NN,gisement,NN,QSYN
réservoir,NN,barrage,NN,QSYN
rétroaction,NN,impact,NN,QSYN
rétroaction,NN,répercussion,NN,QSYN
rétroaction,NN,effet,NN,QSYN
réutilisable,JJ,jetable,JJ,ANTI
réutilisable,JJ,recyclable,JJ,QSYN
réutilisation,NN,réemploi,NN,QSYN
réutilisation,NN,réutiliser,VV,DRV
réutilisation,NN,recyclage,NN,QSYN
réutilisation,NN,valorisation,NN,QSYN
réutiliser,VV,recycler,VV,QSYN
réutiliser,VV,réutilisation,NN,DRV
réutiliser,VV,récupérer,VV,QSYN
réutiliser,VV,valoriser,VV,QSYN
saisonnier,JJ,saison,NN,DRV
salinité,NN,salin,JJ,DRV
scénario,NN,simulation,NN,QSYN
scénario,NN,modèle,NN,QSYN
sensibilité,NN,vulnérabilité,NN,QSYN
sensibilité,NN,sensible,JJ,DRV
sensible,JJ,fragile,JJ,QSYN
sensible,JJ,vulnérable,JJ,QSYN
simulation,NN,simuler,VV,DRV
simuler,VV,reproduire,VV,QSYN
simuler,VV,modéliser,VV,QSYN
simuler,VV,simulation,NN,DRV
sol,NN,sous-sol,NN,QSYN
solaire,JJ,thermique,JJ,QSYN
soufre,NN,gaz,NN,HYP
sous-sol,NN,sol,NN,QSYN
stabilisation,NN,stabiliser,VV,DRV
stabiliser,VV,déstabiliser,VV,ANTI
stabiliser,VV,perturber,VV,ANTI
stabiliser,VV,stabilisation,NN,DRV
stable,JJ,variable,JJ,ANTI
station,NN,infrastructure,NN,HYP
station,NN,borne,NN,QSYN
stationnement,NN,parking,NN,QSYN
stationnement,NN,infrastructure,NN,HYP
stationnement,NN,arrêt,NN,QSYN
stockage,NN,séquestration,NN,QSYN
stockage,NN,piégeage,NN,QSYN
stockage,NN,charge,NN,QSYN
stockage,NN,stocker,VV,DRV
stockage,NN,capture,NN,QSYN
stocker,VV,piéger,VV,QSYN
stocker,VV,emmagasiner,VV,QSYN
stocker,VV,charger,VV,QSYN
stocker,VV,stockage,NN,DRV
stocker,VV,capturer,VV,QSYN
stratosphère,NN,stratosphérique,JJ,DRV
stratosphère,NN,troposphère,NN,QSYN
stratosphérique,JJ,stratosphère,NN,DRV
stratosphérique,JJ,atmosphérique,JJ,QSYN
stress,NN,perturbation,NN,QSYN
substance,NN,matière,NN,QSYN
surconsommation,NN,consommation,NN,QSYN
surconsommation,NN,gaspillage,NN,QSYN
surexploitation,NN,exploitation,NN,QSYN
surexploitation,NN,surexploiter,VV,DRV
surexploiter,VV,surexploitation,NN,DRV
surexploiter,VV,exploiter,VV,QSYN
sécheresse,NN,dégradation,NN,QSYN
sécheresse,NN,phénomène,NN,HYP
sécheresse,NN,érosion,NN,QSYN
sécheresse,NN,inondation,NN,ANTI
sécheresse,NN,désertification,NN,QSYN
sédiment,NN,sédimentaire,JJ,DRV
séisme,NN,tempête,NN,QSYN
séisme,NN,sismique,JJ,DRV
séisme,NN,phénomène,NN,HYP
séisme,NN,événement,NN,HYP
séisme,NN,tsunami,NN,QSYN
séisme,NN,catastrophe,NN,HYP
séquestration,NN,stockage,NN,QSYN
séquestration,NN,séquestrer,VV,DRV
séquestration,NN,fixation,NN,QSYN
séquestration,NN,piégeage,NN,QSYN
séquestration,NN,capture,NN,QSYN
tempête,NN,ouragan,NN,QSYN
tempête,NN,cyclone,NN,QSYN
tempête,NN,séisme,NN,QSYN
tempête,NN,tornade,NN,HYP
terre,NN,mer,NN,ANTI
terre,NN,écosystème,NN,HYP
terre,NN,eau,NN,ANTI
terre,NN,soleil,NN,ANTI
terre,NN,monde,NN,QSYN
terre,NN,atmosphère,NN,ANTI
terre,NN,planète,NN,HYP
terre,NN,globe,NN,QSYN
terre,NN,terrestre,JJ,DRV
terrestre,JJ,aquatique,JJ,ANTI
terrestre,JJ,lacustre,JJ,ANTI
terrestre,JJ,terre,NN,DRV
terrestre,JJ,marin,JJ,ANTI
thermique,JJ,marin,JJ,QSYN
thermique,JJ,solaire,JJ,QSYN
tornade,NN,ouragan,NN,QSYN
tornade,NN,cyclone,NN,QSYN
tornade,NN,événement,NN,HYP
tornade,NN,catastrophe,NN,HYP
tornade,NN,orage,NN,QSYN
tornade,NN,tempête,NN,HYP
toundra,NN,écosystème,NN,HYP
toundra,NN,biome,NN,HYP
tourbeux,JJ,humide,JJ,QSYN
tourbière,NN,marécage,NN,QSYN
tourbière,NN,marais,NN,QSYN
tourbière,NN,milieu,NN,HYP
toxique,JJ,nocif,JJ,QSYN
toxique,JJ,polluant,JJ,QSYN
train,NN,tramway,NN,QSYN
train,NN,autobus,NN,QSYN
train,NN,tgv,NN,HYP
train,NN,métro,NN,QSYN
traitement,NN,traiter,VV,DRV
traitement,NN,conditionnement,NN,QSYN
traiter,VV,conditionner,VV,QSYN
traiter,VV,traitement,NN,DRV
trajet,NN,distance,NN,QSYN
trajet,NN,itinéraire,NN,QSYN
trajet,NN,ligne,NN,QSYN
trajet,NN,parcours,NN,QSYN
trajet,NN,voyage,NN,QSYN
trajet,NN,déplacement,NN,QSYN
tramway,NN,train,NN,QSYN
tramway,NN,métro,NN,QSYN
tramway,NN,véhicule,NN,HYP
tramway,NN,autobus,NN,QSYN
transformation,NN,conversion,NN,QSYN
transformation,NN,traitement,NN,QSYN
transformation,NN,transformer,VV,DRV
transformer,VV,traiter,VV,QSYN
transformer,VV,transformation,NN,DRV
transformer,VV,convertir,VV,QSYN
transport,NN,déplacement,NN,ANTI
transporter,VV,transport,NN,DRV
transporter,VV,déplacer,VV,ANTI
tri,NN,trier,VV,DRV
trier,VV,tri,NN,DRV
tropical,JJ,subtropical,JJ,QSYN
troposphère,NN,stratosphère,NN,QSYN
tsunami,NN,événement,NN,HYP
tsunami,NN,catastrophe,NN,HYP
tsunami,NN,séisme,NN,QSYN
tsunami,NN,phénomène,NN,HYP
urbain,JJ,rural,JJ,ANTI
urbain,JJ,ville,NN,DRV
urbanisation,NN,industrialisation,NN,QSYN
urbanisation,NN,urbaniser,VV,DRV
urbanisation,NN,développement,NN,QSYN
utilitaire,NN,véhicule,NN,HYP
vague,NN,houle,NN,QSYN
valorisation,NN,valoriser,VV,DRV
valorisation,NN,recyclage,NN,QSYN
valorisation,NN,réemploi,NN,QSYN
valorisation,NN,réutilisation,NN,QSYN
valorisation,NN,récupération,NN,QSYN
valoriser,VV,récupérer,VV,QSYN
valoriser,VV,réutiliser,VV,QSYN
valoriser,VV,valorisation,NN,DRV
valoriser,VV,recycler,VV,QSYN
variabilité,NN,changement,NN,QSYN
variable,JJ,variabilité,NN,DRV
variable,JJ,stable,JJ,ANTI
variation,NN,dérèglement,NN,QSYN
variation,NN,changement,NN,QSYN
variation,NN,fluctuation,NN,QSYN
variation,NN,varier,VV,DRV
varier,VV,changer,VV,QSYN
varier,VV,variation,NN,DRV
vent,NN,éolien,JJ,DRV
verre,NN,plastique,NN,QSYN
verre,NN,matière,NN,HYP
verre,NN,papier,NN,QSYN
vert,JJ,polluant,JJ,ANTI
vert,JJ,environnemental,JJ,QSYN
vert,JJ,propre,JJ,QSYN
vert,JJ,écologique,JJ,QSYN
vie,NN,vivant,NN,QSYN
violent,JJ,intense,JJ,QSYN
violent,JJ,violence,NN,DRV
violent,JJ,grave,JJ,QSYN
voie,NN,infrastructure,NN,HYP
voie,NN,rail,NN,QSYN
voiture,NN,véhicule,NN,HYP
voiture,NN,automobile,NN,QSYN
volcan,NN,volcanique,JJ,DRV
volcanique,JJ,volcan,NN,DRV
voyage,NN,voyager,VV,DRV
voyage,NN,trajet,NN,QSYN
voyage,NN,déplacement,NN,QSYN
voyage,NN,parcours,NN,QSYN
voyager,VV,déplacer,VV,QSYN
voyager,VV,voyage,NN,DRV
voyageur,NN,utilisateur,NN,QSYN
vulnérabilité,NN,sensibilité,NN,QSYN
vulnérabilité,NN,vulnérable,JJ,DRV
vulnérable,JJ,vulnérabilité,NN,DRV
vulnérable,JJ,sensible,JJ,QSYN
vulnérable,JJ,fragile,JJ,QSYN
végétal,NN,arbre,NN,HYP
végétal,NN,plante,NN,HYP
végétal,JJ,animal,JJ,ANTI
végétation,NN,flore,NN,QSYN
véhicule,NN,moto,NN,HYP
véhicule,NN,voiture,NN,HYP
véhicule,NN,autobus,NN,HYP
véhicule,NN,tramway,NN,HYP
véhicule,NN,navette,NN,HYP
véhicule,NN,camion,NN,HYP
véhicule,NN,train,NN,HYP
véhicule,NN,automobile,NN,HYP
véhicule,NN,utilitaire,NN,HYP
zone,NN,région,NN,QSYN
zone,NN,milieu,NN,QSYN
écologie,NN,météorologie,NN,QSYN
écologie,NN,écologique,JJ,DRV
écologie,NN,climatologie,NN,QSYN
écologique,JJ,propre,JJ,QSYN
écologique,JJ,écolo,JJ,QSYN
écologique,JJ,vert,JJ,QSYN
écologique,JJ,environnemental,JJ,QSYN
écologique,JJ,polluant,JJ,ANTI
écologique,JJ,biotique,JJ,QSYN
écologiste,JJ,environnementaliste,JJ,QSYN
écosystème,NN,mangrove,NN,HYP
écosystème,NN,biome,NN,QSYN
écosystème,NN,delta,NN,HYP
écosystème,NN,toundra,NN,HYP
écosystème,NN,environnement,NN,QSYN
écosystème,NN,marais,NN,HYP
écosystème,NN,biosphère,NN,QSYN
écosystème,NN,forêt,NN,HYP
écosystème,NN,terre,NN,HYP
écosystème,NN,plage,NN,HYP
électricité,NN,électrique,JJ,DRV
électricité,NN,courant,NN,QSYN
électricité,NN,énergie,NN,QSYN
électricité,NN,hydroélectricité,NN,HYP
électrique,JJ,électricité,NN,DRV
élevage,NN,aquaculture,NN,HYP
élevage,NN,culture,NN,QSYN
élevage,NN,pisciculture,NN,HYP
élevage,NN,agriculture,NN,HYP
élevage,NN,pêche,NN,QSYN
élevage,NN,activité,NN,HYP
élevage,NN,élever,VV,DRV
élever,VV,augmenter,VV,QSYN
élever,VV,élévation,NN,DRV
élever,VV,réchauffer,VV,QSYN
élever,VV,baisser,VV,ANTI
éleveur,NN,apiculteur,NN,QSYN
éleveur,NN,cultivateur,NN,QSYN
éleveur,NN,sylviculteur,NN,QSYN
éleveur,NN,agriculteur,NN,HYP
éleveur,NN,pêcheur,NN,QSYN
élimination,NN,réemploi,NN,ANTI
élimination,NN,récupération,NN,ANTI
élimination,NN,éliminer,VV,DRV
éliminer,VV,récupérer,VV,ANTI
éliminer,VV,élimination,NN,DRV
éliminer,VV,enfouir,VV,QSYN
éliminer,VV,jeter,VV,QSYN
éliminer,VV,recycler,VV,ANTI
élévation,NN,augmentation,NN,QSYN
élévation,NN,élever,VV,DRV
élévation,NN,réchauffement,NN,QSYN
élévation,NN,baisse,NN,ANTI
élévation,NN,diminution,NN,ANTI
élévation,NN,hausse,NN,QSYN
émettre,VV,injecter,VV,QSYN
émettre,VV,libérer,VV,QSYN
émettre,VV,absorber,VV,ANTI
émettre,VV,produire,VV,QSYN
émettre,VV,émission,NN,DRV
émission,NN,émettre,VV,DRV
émission,NN,libération,NN,QSYN
émission,NN,absorption,NN,ANTI
énergie,NN,chaleur,NN,QSYN
énergie,NN,électricité,NN,QSYN
énergie,NN,énergétique,JJ,DRV
énergie,NN,bioénergie,NN,HYP
énergétique,JJ,énergie,NN,DRV
éolien,JJ,vent,NN,DRV
éroder,VV,érosion,NN,DRV
érosion,NN,sécheresse,NN,QSYN
érosion,NN,catastrophe,NN,QSYN
érosion,NN,désertification,NN,QSYN
érosion,NN,éroder,VV,DRV
érosion,NN,dégradation,NN,QSYN
éteindre,VV,extinction,NN,DRV
éteindre,VV,disparaître,VV,QSYN
éthanol,NN,biocarburant,NN,HYP
éthanol,NN,alcool,NN,HYP
éthanol,NN,biodiesel,NN,QSYN
éthanol,NN,biogaz,NN,QSYN
éthanol,NN,bioéthanol,NN,QSYN
éthanol,NN,carburant,NN,HYP
évaporation,NN,évaporer,VV,DRV
évaporation,NN,évapotranspiration,NN,QSYN
évaporer,VV,évaporation,NN,DRV
évapotranspiration,NN,évaporation,NN,QSYN
évoluer,VV,changer,VV,QSYN
évoluer,VV,modifier,VV,QSYN
évoluer,VV,évolution,NN,DRV
événement,NN,cyclone,NN,HYP
événement,NN,feu,NN,HYP
événement,NN,phénomène,NN,QSYN
événement,NN,catastrophe,NN,HYP
événement,NN,ouragan,NN,HYP
événement,NN,incendie,NN,HYP
événement,NN,séisme,NN,HYP
événement,NN,tempête,NN,HYP
